{"cameraMode":{"drawMode":0,"name":"Shaded","section":"Shading Mode"},"sceneLighting":false,"audioPlay":false,"sceneViewState":{"showFog":true,"showMaterialUpdate":true,"showSkybox":false,"showFlares":true,"showImageEffects":true,"showParticleSystems":true},"in2DMode":false,"pivot":{"x":0.0,"y":5.240723609924316,"z":-0.997133731842041},"rotation":{"x":0.05631870776414871,"y":0.03923005610704422,"z":0.002179085509851575,"w":-0.9976661801338196},"size":38.7034912109375,"orthographic":false}