{"cameraMode":{"drawMode":0,"name":"Shaded","section":"Shading Mode"},"sceneLighting":false,"audioPlay":false,"sceneViewState":{"showFog":true,"showMaterialUpdate":true,"showSkybox":false,"showFlares":true,"showImageEffects":true,"showParticleSystems":true},"in2DMode":false,"pivot":{"x":-1303.8800048828125,"y":-464.0321044921875,"z":-414.9420166015625},"rotation":{"x":-0.098296619951725,"y":0.7910502552986145,"z":-0.13197584450244904,"w":-0.5892170667648315},"size":1664.222412109375,"orthographic":false}