{"cameraMode":{"drawMode":0,"name":"Shaded","section":"Shading Mode"},"sceneLighting":false,"audioPlay":false,"sceneViewState":{"showFog":true,"showMaterialUpdate":true,"showSkybox":false,"showFlares":true,"showImageEffects":true,"showParticleSystems":true},"in2DMode":false,"pivot":{"x":-69.49127197265625,"y":39.57843017578125,"z":-3.6421737670898439},"rotation":{"x":0.030632684007287027,"y":0.9465208649635315,"z":-0.09430130571126938,"w":0.3071630597114563},"size":173.125,"orthographic":false}