{"cameraMode":{"drawMode":0,"name":"Shaded","section":"Shading Mode"},"sceneLighting":true,"audioPlay":false,"sceneViewState":{"showFog":true,"showMaterialUpdate":true,"showSkybox":true,"showFlares":true,"showImageEffects":true,"showParticleSystems":true},"in2DMode":false,"pivot":{"x":0.003398261032998562,"y":1.339784860610962,"z":-0.016570165753364564},"rotation":{"x":-0.17331574857234956,"y":0.03574029728770256,"z":-0.006296614650636911,"w":-0.9842066764831543},"size":0.17865125834941865,"orthographic":false}