{"cameraMode":{"drawMode":0,"name":"Shaded","section":"Shading Mode"},"sceneLighting":false,"audioPlay":false,"sceneViewState":{"showFog":true,"showMaterialUpdate":true,"showSkybox":false,"showFlares":true,"showImageEffects":true,"showParticleSystems":true},"in2DMode":false,"pivot":{"x":1.0705406665802003,"y":2.0547828674316408,"z":-0.033884644508361819},"rotation":{"x":0.05631870776414871,"y":0.03923005610704422,"z":0.002179085509851575,"w":-0.9976661801338196},"size":14.800334930419922,"orthographic":false}