{"cameraMode":{"drawMode":0,"name":"Shaded","section":"Shading Mode"},"sceneLighting":true,"audioPlay":false,"sceneViewState":{"showFog":true,"showMaterialUpdate":true,"showSkybox":true,"showFlares":true,"showImageEffects":true,"showParticleSystems":true},"in2DMode":false,"pivot":{"x":353.9729919433594,"y":281.8439636230469,"z":-536.100830078125},"rotation":{"x":0.02172689326107502,"y":-0.11938859522342682,"z":-0.0026516171637922527,"w":-0.9926331639289856},"size":146.5692596435547,"orthographic":false}