{"cameraMode":{"drawMode":0,"name":"Shaded","section":"Shading Mode"},"sceneLighting":false,"audioPlay":false,"sceneViewState":{"showFog":true,"showMaterialUpdate":true,"showSkybox":false,"showFlares":true,"showImageEffects":true,"showParticleSystems":true},"in2DMode":false,"pivot":{"x":295.189208984375,"y":-331.2321472167969,"z":-9.265474319458008},"rotation":{"x":0.28889182209968569,"y":0.6211532354354858,"z":-0.26431378722190859,"w":0.6789160370826721},"size":788.91552734375,"orthographic":false}