{"cameraMode":{"drawMode":0,"name":"Shaded","section":"Shading Mode"},"sceneLighting":true,"audioPlay":false,"sceneViewState":{"showFog":true,"showMaterialUpdate":true,"showSkybox":true,"showFlares":true,"showImageEffects":true,"showParticleSystems":true},"in2DMode":false,"pivot":{"x":-45.80000305175781,"y":29.489059448242189,"z":-77.80599975585938},"rotation":{"x":-0.05327311530709267,"y":-0.8781055808067322,"z":0.10120484232902527,"w":-0.46476539969444277},"size":21.944761276245118,"orthographic":false}