{"cameraMode":{"drawMode":0,"name":"Shaded","section":"Shading Mode"},"sceneLighting":false,"audioPlay":false,"sceneViewState":{"showFog":true,"showMaterialUpdate":true,"showSkybox":false,"showFlares":true,"showImageEffects":true,"showParticleSystems":true},"in2DMode":false,"pivot":{"x":31.802608489990236,"y":8.215885162353516,"z":-26.93946647644043},"rotation":{"x":0.05631870776414871,"y":0.03923005610704422,"z":0.002179085509851575,"w":-0.9976661801338196},"size":29.005359649658204,"orthographic":false}