{"cameraMode":{"drawMode":0,"name":"Shaded","section":"Shading Mode"},"sceneLighting":true,"audioPlay":false,"sceneViewState":{"showFog":true,"showMaterialUpdate":true,"showSkybox":true,"showFlares":true,"showImageEffects":true,"showParticleSystems":true},"in2DMode":false,"pivot":{"x":0.23247671127319337,"y":1.6270208358764649,"z":-1.934536099433899},"rotation":{"x":-0.09768364578485489,"y":0.6832326650619507,"z":-0.09304145723581314,"w":-0.7176848649978638},"size":4.011484622955322,"orthographic":false}