{"cameraMode":{"drawMode":0,"name":"Shaded","section":"Shading Mode"},"sceneLighting":true,"audioPlay":false,"sceneViewState":{"showFog":true,"showMaterialUpdate":true,"showSkybox":true,"showFlares":true,"showImageEffects":true,"showParticleSystems":true},"in2DMode":false,"pivot":{"x":0.014704465866088868,"y":1.8461151123046876,"z":-1.3019927740097047},"rotation":{"x":-0.10700049251317978,"y":0.6692097783088684,"z":-0.09830032289028168,"w":-0.7287833094596863},"size":4.011484622955322,"orthographic":false}