{"cameraMode":{"drawMode":0,"name":"Shaded","section":"Shading Mode"},"sceneLighting":false,"audioPlay":false,"sceneViewState":{"showFog":true,"showMaterialUpdate":true,"showSkybox":false,"showFlares":true,"showImageEffects":true,"showParticleSystems":true},"in2DMode":false,"pivot":{"x":-9.30221176147461,"y":13.291316032409668,"z":-20.3468017578125},"rotation":{"x":-0.34963804483413699,"y":0.14586108922958375,"z":-0.055205393582582477,"w":-0.9238192439079285},"size":22.0,"orthographic":false}