{"cameraMode":{"drawMode":0,"name":"Shaded","section":"Shading Mode"},"sceneLighting":true,"audioPlay":false,"sceneViewState":{"showFog":true,"showMaterialUpdate":true,"showSkybox":true,"showFlares":true,"showImageEffects":true,"showParticleSystems":true},"in2DMode":false,"pivot":{"x":20.751708984375,"y":28.715892791748048,"z":51.14951705932617},"rotation":{"x":-0.002093964722007513,"y":-0.9744974970817566,"z":0.009071899577975273,"w":-0.2242787778377533},"size":47.689090728759769,"orthographic":false}