{"cameraMode":{"drawMode":0,"name":"Shaded","section":"Shading Mode"},"sceneLighting":true,"audioPlay":false,"sceneViewState":{"showFog":true,"showMaterialUpdate":true,"showSkybox":true,"showFlares":true,"showImageEffects":true,"showParticleSystems":true},"in2DMode":false,"pivot":{"x":-0.6826593279838562,"y":0.6658427715301514,"z":-1.4873853921890259},"rotation":{"x":-0.09076560288667679,"y":0.8131809234619141,"z":-0.13190621137619019,"w":-0.5595552325248718},"size":4.628257751464844,"orthographic":false}