{"cameraMode":{"drawMode":0,"name":"Shaded","section":"Shading Mode"},"sceneLighting":false,"audioPlay":false,"sceneViewState":{"showFog":true,"showMaterialUpdate":true,"showSkybox":false,"showFlares":true,"showImageEffects":true,"showParticleSystems":true},"in2DMode":false,"pivot":{"x":434.5253601074219,"y":-231.74368286132813,"z":40.00954055786133},"rotation":{"x":0.1594478338956833,"y":0.6591036319732666,"z":-0.14586389064788819,"w":0.7203906178474426},"size":1010.8473510742188,"orthographic":false}