{"cameraMode":{"drawMode":0,"name":"Shaded","section":"Shading Mode"},"sceneLighting":false,"audioPlay":false,"sceneViewState":{"showFog":true,"showMaterialUpdate":true,"showSkybox":false,"showFlares":true,"showImageEffects":true,"showParticleSystems":true},"in2DMode":false,"pivot":{"x":1.1200000047683716,"y":2.184887647628784,"z":-12.264544486999512},"rotation":{"x":0.008882556110620499,"y":-0.9895153045654297,"z":0.12655799090862275,"w":0.06930159032344818},"size":2.5890183448791506,"orthographic":false}