{"cameraMode":{"drawMode":0,"name":"Shaded","section":"Shading Mode"},"sceneLighting":true,"audioPlay":false,"sceneViewState":{"showFog":true,"showMaterialUpdate":true,"showSkybox":true,"showFlares":true,"showImageEffects":true,"showParticleSystems":true},"in2DMode":false,"pivot":{"x":66.23042297363281,"y":100.74665069580078,"z":89.37649536132813},"rotation":{"x":0.0029206343460828068,"y":0.9948648810386658,"z":-0.02956298552453518,"w":0.0970134511590004},"size":2.8578836917877199,"orthographic":false}