{"cameraMode":{"drawMode":0,"name":"Shaded","section":"Shading Mode"},"sceneLighting":true,"audioPlay":false,"sceneViewState":{"showFog":true,"showMaterialUpdate":true,"showSkybox":true,"showFlares":true,"showImageEffects":true,"showParticleSystems":true},"in2DMode":false,"pivot":{"x":-2.433595657348633,"y":26.02875518798828,"z":-155.36123657226563},"rotation":{"x":0.05631870776414871,"y":0.03923005610704422,"z":0.002179085509851575,"w":-0.9976661801338196},"size":25.051389694213868,"orthographic":false}