{"cameraMode":{"drawMode":0,"name":"Shaded","section":"Shading Mode"},"sceneLighting":true,"audioPlay":false,"sceneViewState":{"showFog":true,"showMaterialUpdate":true,"showSkybox":true,"showFlares":true,"showImageEffects":true,"showParticleSystems":true},"in2DMode":false,"pivot":{"x":0.006555252708494663,"y":1.3645116090774537,"z":-0.009340807795524598},"rotation":{"x":-0.1020982563495636,"y":0.02566058561205864,"z":-0.0026369430124759676,"w":-0.994448721408844},"size":0.17865125834941865,"orthographic":false}