{"cameraMode":{"drawMode":0,"name":"Shaded","section":"Shading Mode"},"sceneLighting":false,"audioPlay":false,"sceneViewState":{"showFog":true,"showMaterialUpdate":true,"showSkybox":false,"showFlares":true,"showImageEffects":true,"showParticleSystems":true},"in2DMode":false,"pivot":{"x":2386.66650390625,"y":-722.5511474609375,"z":-166.5760498046875},"rotation":{"x":0.0987551286816597,"y":0.7128227353096008,"z":-0.10249394923448563,"w":0.6867883205413818},"size":3118.673828125,"orthographic":false}