{"cameraMode":{"drawMode":0,"name":"Shaded","section":"Shading Mode"},"sceneLighting":false,"audioPlay":false,"sceneViewState":{"showFog":true,"showMaterialUpdate":true,"showSkybox":false,"showFlares":true,"showImageEffects":true,"showParticleSystems":true},"in2DMode":false,"pivot":{"x":-1.2987089157104493,"y":1.409933090209961,"z":0.10999977588653565},"rotation":{"x":0.05631870776414871,"y":0.03923005610704422,"z":0.002179085509851575,"w":-0.9976661801338196},"size":9.435792922973633,"orthographic":false}