{"cameraMode":{"drawMode":0,"name":"Shaded","section":"Shading Mode"},"sceneLighting":true,"audioPlay":false,"sceneViewState":{"showFog":true,"showMaterialUpdate":true,"showSkybox":true,"showFlares":true,"showImageEffects":true,"showParticleSystems":true},"in2DMode":false,"pivot":{"x":0.042798519134521487,"y":1.51628577709198,"z":-1.5521323680877686},"rotation":{"x":-0.14690178632736207,"y":0.7409352660179138,"z":-0.17219187319278718,"w":-0.6323472261428833},"size":4.011484622955322,"orthographic":false}