{"cameraMode":{"drawMode":0,"name":"Shaded","section":"Shading Mode"},"sceneLighting":true,"audioPlay":false,"sceneViewState":{"showFog":true,"showMaterialUpdate":true,"showSkybox":true,"showFlares":true,"showImageEffects":true,"showParticleSystems":true},"in2DMode":false,"pivot":{"x":204.79803466796876,"y":0.22084587812423707,"z":45.835166931152347},"rotation":{"x":0.023654773831367494,"y":0.05305739864706993,"z":0.0012566577643156052,"w":-0.9983159303665161},"size":2.900536060333252,"orthographic":false}