{"cameraMode":{"drawMode":0,"name":"Shaded","section":"Shading Mode"},"sceneLighting":true,"audioPlay":false,"sceneViewState":{"showFog":true,"showMaterialUpdate":true,"showSkybox":true,"showFlares":true,"showImageEffects":true,"showParticleSystems":true},"in2DMode":false,"pivot":{"x":232.6875457763672,"y":217.52801513671876,"z":-4.986778259277344},"rotation":{"x":0.29970699548721316,"y":-0.6362095475196838,"z":0.29471880197525027,"w":0.6469800472259522},"size":10.330039024353028,"orthographic":false}