{"cameraMode":{"drawMode":0,"name":"Shaded","section":"Shading Mode"},"sceneLighting":true,"audioPlay":false,"sceneViewState":{"showFog":true,"showMaterialUpdate":true,"showSkybox":true,"showFlares":true,"showImageEffects":true,"showParticleSystems":true},"in2DMode":false,"pivot":{"x":0.20502829551696778,"y":1.7512738704681397,"z":-1.874297857284546},"rotation":{"x":-0.08025559782981873,"y":0.6766945123672485,"z":-0.07463154941797257,"w":-0.7281147837638855},"size":2.5114848613739015,"orthographic":false}