{"cameraMode":{"drawMode":0,"name":"Shaded","section":"Shading Mode"},"sceneLighting":true,"audioPlay":false,"sceneViewState":{"showFog":true,"showMaterialUpdate":true,"showSkybox":true,"showFlares":true,"showImageEffects":true,"showParticleSystems":true},"in2DMode":false,"pivot":{"x":296.2335205078125,"y":276.2834167480469,"z":-543.726806640625},"rotation":{"x":-0.31210312247276308,"y":0.24583619832992555,"z":-0.0840015634894371,"w":-0.9138660430908203},"size":4.028257369995117,"orthographic":false}