{"cameraMode":{"drawMode":0,"name":"Shaded","section":"Shading Mode"},"sceneLighting":true,"audioPlay":false,"sceneViewState":{"showFog":true,"showMaterialUpdate":true,"showSkybox":true,"showFlares":true,"showImageEffects":true,"showParticleSystems":true},"in2DMode":false,"pivot":{"x":0.003398418426513672,"y":1.339784860610962,"z":-0.016570091247558595},"rotation":{"x":-0.09506414085626602,"y":0.6888231635093689,"z":-0.09190300107002258,"w":-0.712795615196228},"size":3.428257465362549,"orthographic":false}