{"cameraMode":{"drawMode":0,"name":"Shaded","section":"Shading Mode"},"sceneLighting":true,"audioPlay":false,"sceneViewState":{"showFog":true,"showMaterialUpdate":true,"showSkybox":true,"showFlares":true,"showImageEffects":true,"showParticleSystems":true},"in2DMode":false,"pivot":{"x":251.97264099121095,"y":47.11408233642578,"z":2.9603848457336427},"rotation":{"x":-0.33850640058517458,"y":0.4107314646244049,"z":-0.16754578053951264,"w":-0.8298517465591431},"size":2.900536060333252,"orthographic":false}