{"cameraMode":{"drawMode":0,"name":"Shaded","section":"Shading Mode"},"sceneLighting":false,"audioPlay":false,"sceneViewState":{"showFog":true,"showMaterialUpdate":false,"showSkybox":false,"showFlares":true,"showImageEffects":true,"showParticleSystems":true},"in2DMode":false,"pivot":{"x":0.593999981880188,"y":1.3685836791992188,"z":-1.4309561252593995},"rotation":{"x":-0.08727354556322098,"y":0.7228795886039734,"z":-0.09289789944887161,"w":-0.6791234612464905},"size":2.8889424800872804,"orthographic":false}